unix_time,EPOCH to date,rm3100_mag_x,rm3100_mag_y,rm3100_mag_z,rm3100_cycle_count,,Mag_x_scaled,Mag_y_scaled,Mag_z_scaled,Magnetic_field_magnitude (uT)
1763817109,11/22/2025 8:11:49,-185,-4046,211,200,,,,,
1763817163,11/22/2025 8:12:43,2079,-3407,739,200,,,,,
1763817205,11/22/2025 8:13:25,550,-4020,-399,200,,,,,
1763817224,11/22/2025 8:13:44,1116,-3839,759,200,,,,,
1763817233,11/22/2025 8:13:53,269,-4043,-1,200,,,,,
1763817238,11/22/2025 8:13:58,305,-2440,-3139,200,,,,,
1763817243,11/22/2025 8:14:03,-858,-3095,2273,200,,,,,
1763817460,11/22/2025 8:17:40,-3708,658,273,200,,,,,
1763817578,11/22/2025 8:19:38,-735,-456,2163,200,,,,,
1763817660,11/22/2025 8:21:00,656,2783,1577,200,,,,,
1763817664,11/22/2025 8:21:04,423,2494,1753,200,,,,,
1763817938,11/22/2025 8:25:38,-1178,-471,2260,200,,,,,
1763817942,11/22/2025 8:25:42,-1724,-298,1940,200,,,,,
1763818139,11/22/2025 8:28:59,-2210,316,1928,200,,,,,
1763818154,11/22/2025 8:29:14,-1500,-846,2039,200,,,,,
1763818170,11/22/2025 8:29:30,-1054,146,1348,200,,,,,
1763818307,11/22/2025 8:31:47,-2253,-163,-225,200,,,,,
1763818314,11/22/2025 8:31:54,-2466,-316,-1742,200,,,,,
1763818319,11/22/2025 8:31:59,-1974,-930,-3061,200,,,,,
1763818329,11/22/2025 8:32:09,-2038,-1195,-3453,200,,,,,
1763818344,11/22/2025 8:32:24,-2280,-864,-2529,200,,,,,
1763818568,11/22/2025 8:36:08,2451,-7058,-1126,200,,,,,
1763818583,11/22/2025 8:36:23,2260,-5797,-460,200,,,,,
1763818588,11/22/2025 8:36:28,2205,-5827,-226,200,,,,,
1763818594,11/22/2025 8:36:34,2220,-6005,-246,200,,,,,
1763818603,11/22/2025 8:36:43,2178,-5929,87,200,,,,,
1763818608,11/22/2025 8:36:48,2183,-5926,101,200,,,,,
1763818624,11/22/2025 8:37:04,2188,-5932,90,200,,,,,
1763818631,11/22/2025 8:37:11,2188,-5932,101,200,,,,,
1763818636,11/22/2025 8:37:16,2187,-5922,111,200,,,,,
1763818652,11/22/2025 8:37:32,2183,-5926,126,200,,,,,
1763818747,11/22/2025 8:39:07,417,755,-2348,200,,,,,
1763818763,11/22/2025 8:39:23,-1336,-774,-2406,200,,,,,
1763818767,11/22/2025 8:39:27,-828,-944,-3424,200,,,,,
1763818772,11/22/2025 8:39:32,1210,-3967,-474,200,,,,,
1763818861,11/22/2025 8:41:01,-322,214,1679,200,,,,,
1763818869,11/22/2025 8:41:09,-296,-25,1843,200,,,,,
1763818942,11/22/2025 8:42:22,-1296,-3959,498,200,,,,,
1763818948,11/22/2025 8:42:28,-1942,-2952,-1576,200,,,,,
1763818952,11/22/2025 8:42:32,-2103,-3131,693,200,,,,,
1763818965,11/22/2025 8:42:45,-1853,-3174,-1122,200,,,,,
1763818974,11/22/2025 8:42:54,-1999,-2806,-1645,200,,,,,
1763818980,11/22/2025 8:43:00,-1899,-3121,-1276,200,,,,,
1763818990,11/22/2025 8:43:10,-1467,-3344,-1328,200,,,,,
1763818995,11/22/2025 8:43:15,-1424,-3495,-1156,200,,,,,
1763819000,11/22/2025 8:43:20,-1063,-3721,-667,200,,,,,
1763819009,11/22/2025 8:43:29,-2145,-3074,-556,200,,,,,
1763819015,11/22/2025 8:43:35,-2247,-3197,-332,200,,,,,
1763819023,11/22/2025 8:43:43,-2850,-2641,15,200,,,,,
1763819029,11/22/2025 8:43:49,-527,1614,3308,200,,,,,
1763819034,11/22/2025 8:43:54,-3099,-2060,863,200,,,,,
1763819144,11/22/2025 8:45:44,-3254,1000,1386,200,,,,,
1763820221,11/22/2025 9:03:41,2012,-3451,606,200,,,,,
1763820228,11/22/2025 9:03:48,1747,-3524,-804,200,,,,,
1763820255,11/22/2025 9:04:15,1885,-3487,-698,200,,,,,
1763820262,11/22/2025 9:04:22,1638,-3508,-1156,200,,,,,
1763820268,11/22/2025 9:04:28,1541,-3521,-1219,200,,,,,
1763820287,11/22/2025 9:04:47,1838,-3658,-138,200,,,,,
1763820294,11/22/2025 9:04:54,1384,-3790,148,200,,,,,
1763820309,11/22/2025 9:05:09,-851,-4427,-1831,200,,,,,
1763820322,11/22/2025 9:05:22,686,-3829,934,200,,,,,
1763820341,11/22/2025 9:05:41,-1261,-3790,-19,200,,,,,
1763820346,11/22/2025 9:05:46,-1253,-3695,130,200,,,,,
1763820359,11/22/2025 9:05:59,-973,-3781,369,200,,,,,
1763820365,11/22/2025 9:06:05,-299,-3925,-75,200,,,,,
1763820381,11/22/2025 9:06:21,-561,-3843,-419,200,,,,,
1763820389,11/22/2025 9:06:29,-546,-3858,-350,200,,,,,
1763820394,11/22/2025 9:06:34,-620,-3906,-467,200,,,,,
1763820411,11/22/2025 9:06:51,349,-3895,649,200,,,,,
1763820426,11/22/2025 9:07:06,1092,-3823,277,200,,,,,
1763820433,11/22/2025 9:07:13,968,-3850,383,200,,,,,
1763820438,11/22/2025 9:07:18,612,-3973,947,200,,,,,
1763820454,11/22/2025 9:07:34,1093,-3961,237,200,,,,,
1763820474,11/22/2025 9:07:54,1297,-3859,453,200,,,,,
1763820484,11/22/2025 9:08:04,1275,-3879,406,200,,,,,
1763820500,11/22/2025 9:08:20,-1275,-3620,-1890,200,,,,,
1763820537,11/22/2025 9:08:57,8,3558,1282,200,,,,,
1763820543,11/22/2025 9:09:03,75,3558,1278,200,,,,,
1763820548,11/22/2025 9:09:08,88,3565,1267,200,,,,,
1763820568,11/22/2025 9:09:28,-64,3461,1190,200,,,,,
1763820575,11/22/2025 9:09:35,39,3129,1862,200,,,,,
1763820616,11/22/2025 9:10:16,-3351,-268,-1852,200,,,,,
1763820621,11/22/2025 9:10:21,-3264,-218,-1984,200,,,,,
1763820628,11/22/2025 9:10:28,-3358,-438,-1820,200,,,,,
1763820644,11/22/2025 9:10:44,-2087,3150,-652,200,,,,,
1763820656,11/22/2025 9:10:56,-2223,3060,-630,200,,,,,
1763820671,11/22/2025 9:11:11,-2200,3081,-553,200,,,,,
1763820678,11/22/2025 9:11:18,-480,-290,3696,200,,,,,
1763820685,11/22/2025 9:11:25,-411,-283,3695,200,,,,,
1763820691,11/22/2025 9:11:31,-411,-283,3703,200,,,,,
1763820715,11/22/2025 9:11:55,-404,-285,3708,200,,,,,
1763820727,11/22/2025 9:12:07,-407,-269,3698,200,,,,,
1763820740,11/22/2025 9:12:20,-404,-275,3696,200,,,,,
1763820756,11/22/2025 9:12:36,363,-1263,3474,200,,,,,
1763820795,11/22/2025 9:13:15,376,-1526,3349,200,,,,,
1763820799,11/22/2025 9:13:19,556,-1229,3375,200,,,,,
1763820819,11/22/2025 9:13:39,589,-1375,3412,200,,,,,
1763820831,11/22/2025 9:13:51,21,-1366,3476,200,,,,,
1763820846,11/22/2025 9:14:06,311,-1122,3461,200,,,,,
1763820851,11/22/2025 9:14:11,401,-1098,3460,200,,,,,
1763820860,11/22/2025 9:14:20,440,-1087,3461,200,,,,,
1763820881,11/22/2025 9:14:41,449,-1085,3471,200,,,,,
1763820925,11/22/2025 9:15:25,467,-1095,3472,200,,,,,
1763820938,11/22/2025 9:15:38,461,-1091,3464,200,,,,,
1763820955,11/22/2025 9:15:55,464,-1089,3470,200,,,,,
1763820965,11/22/2025 9:16:05,464,-1091,3472,200,,,,,
1763820975,11/22/2025 9:16:15,463,-1091,3476,200,,,,,
1763820981,11/22/2025 9:16:21,467,-1091,3482,200,,,,,
1763820990,11/22/2025 9:16:30,466,-1086,3463,200,,,,,
1763820998,11/22/2025 9:16:38,480,-1094,3475,200,,,,,
1763821002,11/22/2025 9:16:42,472,-1088,3478,200,,,,,
1763821012,11/22/2025 9:16:52,475,-1086,3472,200,,,,,
1763821024,11/22/2025 9:17:04,473,-1087,3475,200,,,,,
1763821042,11/22/2025 9:17:22,473,-1083,3472,200,,,,,
1763821055,11/22/2025 9:17:35,484,-1086,3466,200,,,,,
1763821065,11/22/2025 9:17:45,478,-1082,3472,200,,,,,
1763821073,11/22/2025 9:17:53,478,-1086,3469,200,,,,,
1763821090,11/22/2025 9:18:10,478,-1075,3465,200,,,,,
1763821096,11/22/2025 9:18:16,478,-1082,3470,200,,,,,
1763821106,11/22/2025 9:18:26,498,-1092,3480,200,,,,,
1763821122,11/22/2025 9:18:42,485,-1078,3468,200,,,,,
1763821141,11/22/2025 9:19:01,488,-1085,3476,200,,,,,
1763821151,11/22/2025 9:19:11,485,-1081,3468,200,,,,,
1763821166,11/22/2025 9:19:26,484,-1083,3478,200,,,,,
1763821172,11/22/2025 9:19:32,489,-1088,3476,200,,,,,
1763821177,11/22/2025 9:19:37,486,-1074,3467,200,,,,,
1763821202,11/22/2025 9:20:02,490,-1079,3478,200,,,,,
1763821211,11/22/2025 9:20:11,485,-1075,3473,200,,,,,
1763821231,11/22/2025 9:20:31,494,-1074,3475,200,,,,,
1763821236,11/22/2025 9:20:36,495,-1078,3468,200,,,,,
1763821244,11/22/2025 9:20:44,23,-1161,3474,200,,,,,
1763821251,11/22/2025 9:20:51,-243,813,3615,200,,,,,
1763821278,11/22/2025 9:21:18,-271,817,3605,200,,,,,
1763821300,11/22/2025 9:21:40,-264,806,3606,200,,,,,
1763821309,11/22/2025 9:21:49,-268,812,3608,200,,,,,
1763821319,11/22/2025 9:21:59,-260,805,3610,200,,,,,
1763821333,11/22/2025 9:22:13,-264,802,3604,200,,,,,
1763821348,11/22/2025 9:22:28,-264,802,3606,200,,,,,
1763821368,11/22/2025 9:22:48,-261,795,3610,200,,,,,
1763821378,11/22/2025 9:22:58,-261,800,3616,200,,,,,
1763821382,11/22/2025 9:23:02,-262,803,3602,200,,,,,
1763821391,11/22/2025 9:23:11,-264,801,3612,200,,,,,
1763821401,11/22/2025 9:23:21,-255,800,3613,200,,,,,
1763821420,11/22/2025 9:23:40,-269,808,3604,200,,,,,
1763821425,11/22/2025 9:23:45,-264,800,3612,200,,,,,
1763821431,11/22/2025 9:23:51,-263,799,3616,200,,,,,
1763821436,11/22/2025 9:23:56,-262,796,3610,200,,,,,
1763821464,11/22/2025 9:24:24,-265,794,3611,200,,,,,
1763821472,11/22/2025 9:24:32,-260,797,3607,200,,,,,
1763821487,11/22/2025 9:24:47,-253,795,3615,200,,,,,
1763821495,11/22/2025 9:24:55,-264,794,3611,200,,,,,
1763821501,11/22/2025 9:25:01,-252,789,3620,200,,,,,
1763821506,11/22/2025 9:25:06,-262,797,3610,200,,,,,
1763821514,11/22/2025 9:25:14,-267,797,3615,200,,,,,
1763821529,11/22/2025 9:25:29,-264,793,3615,200,,,,,
1763821539,11/22/2025 9:25:39,-270,796,3608,200,,,,,
1763821551,11/22/2025 9:25:51,-264,796,3608,200,,,,,
1763821565,11/22/2025 9:26:05,-259,785,3614,200,,,,,
1763821592,11/22/2025 9:26:32,-260,780,3614,200,,,,,
1763821597,11/22/2025 9:26:37,-260,787,3613,200,,,,,
1763821613,11/22/2025 9:26:53,-264,783,3621,200,,,,,
1763821632,11/22/2025 9:27:12,-257,783,3628,200,,,,,
1763821640,11/22/2025 9:27:20,-264,785,3618,200,,,,,
1763821647,11/22/2025 9:27:27,-257,790,3640,200,,,,,
1763821656,11/22/2025 9:27:36,-259,786,3609,200,,,,,
1763821666,11/22/2025 9:27:46,-249,774,3619,200,,,,,
1763821684,11/22/2025 9:28:04,-271,787,3612,200,,,,,
1763821693,11/22/2025 9:28:13,-256,785,3617,200,,,,,
1763821697,11/22/2025 9:28:17,-261,792,3606,200,,,,,
1763821701,11/22/2025 9:28:21,-259,777,3611,200,,,,,
1763821714,11/22/2025 9:28:34,-258,778,3615,200,,,,,
1763821719,11/22/2025 9:28:39,-260,778,3618,200,,,,,
1763821727,11/22/2025 9:28:47,-260,782,3612,200,,,,,
1763821735,11/22/2025 9:28:55,-258,775,3620,200,,,,,
1763821745,11/22/2025 9:29:05,-253,780,3616,200,,,,,
1763821750,11/22/2025 9:29:10,-257,774,3624,200,,,,,
1763821759,11/22/2025 9:29:19,-260,781,3619,200,,,,,
1763821781,11/22/2025 9:29:41,-258,779,3616,200,,,,,
1763821788,11/22/2025 9:29:48,-259,779,3617,200,,,,,
1763821794,11/22/2025 9:29:54,-251,774,3614,200,,,,,
1763821805,11/22/2025 9:30:05,-261,781,3610,200,,,,,
1763821810,11/22/2025 9:30:10,-263,787,3613,200,,,,,
1763821850,11/22/2025 9:30:50,-256,782,3614,200,,,,,
1763821854,11/22/2025 9:30:54,-256,781,3619,200,,,,,
1763821865,11/22/2025 9:31:05,-259,779,3614,200,,,,,
1763821870,11/22/2025 9:31:10,-253,772,3621,200,,,,,
1763821886,11/22/2025 9:31:26,-250,775,3629,200,,,,,
1763821917,11/22/2025 9:31:57,-259,775,3615,200,,,,,
1763821926,11/22/2025 9:32:06,-259,778,3615,200,,,,,
1763821935,11/22/2025 9:32:15,-260,778,3608,200,,,,,
1763821963,11/22/2025 9:32:43,-252,778,3643,200,,,,,
1763821976,11/22/2025 9:32:56,-251,777,3622,200,,,,,
1763821981,11/22/2025 9:33:01,-258,776,3613,200,,,,,
1763822002,11/22/2025 9:33:22,-253,775,3621,200,,,,,
1763822014,11/22/2025 9:33:34,-258,777,3624,200,,,,,
1763822040,11/22/2025 9:34:00,-255,773,3620,200,,,,,
1763822051,11/22/2025 9:34:11,-247,782,3624,200,,,,,
1763822060,11/22/2025 9:34:20,-259,778,3613,200,,,,,
1763822069,11/22/2025 9:34:29,-252,783,3614,200,,,,,
1763822079,11/22/2025 9:34:39,-256,778,3616,200,,,,,
1763822091,11/22/2025 9:34:51,-252,774,3618,200,,,,,
1763822097,11/22/2025 9:34:57,-257,783,3616,200,,,,,
1763822108,11/22/2025 9:35:08,-257,779,3617,200,,,,,
1763822130,11/22/2025 9:35:30,-255,782,3619,200,,,,,
1763822141,11/22/2025 9:35:41,-255,780,3615,200,,,,,
1763822149,11/22/2025 9:35:49,-254,779,3613,200,,,,,
1763822163,11/22/2025 9:36:03,-253,790,3610,200,,,,,
1763822169,11/22/2025 9:36:09,-263,787,3607,200,,,,,
1763822175,11/22/2025 9:36:15,-254,777,3621,200,,,,,
1763822179,11/22/2025 9:36:19,-245,771,3625,200,,,,,
1763822185,11/22/2025 9:36:25,-261,783,3618,200,,,,,
1763822192,11/22/2025 9:36:32,-253,777,3617,200,,,,,
1763822195,11/22/2025 9:36:35,-252,777,3617,200,,,,,
1763822210,11/22/2025 9:36:50,-257,775,3614,200,,,,,
1763822214,11/22/2025 9:36:54,-256,781,3618,200,,,,,
1763822227,11/22/2025 9:37:07,-257,778,3616,200,,,,,
1763822231,11/22/2025 9:37:11,-257,781,3614,200,,,,,
1763822243,11/22/2025 9:37:23,-254,783,3610,200,,,,,
1763822253,11/22/2025 9:37:33,-245,774,3626,200,,,,,
1763822259,11/22/2025 9:37:39,-254,775,3613,200,,,,,
1763822263,11/22/2025 9:37:43,-255,782,3607,200,,,,,
1763822270,11/22/2025 9:37:50,-256,783,3610,200,,,,,
1763822275,11/22/2025 9:37:55,-258,785,3615,200,,,,,
1763822283,11/22/2025 9:38:03,-250,775,3619,200,,,,,
1763822292,11/22/2025 9:38:12,-258,777,3617,200,,,,,
1763822300,11/22/2025 9:38:20,-254,784,3617,200,,,,,
1763822309,11/22/2025 9:38:29,-256,778,3619,200,,,,,
1763822313,11/22/2025 9:38:33,-256,777,3620,200,,,,,
1763822326,11/22/2025 9:38:46,-260,780,3619,200,,,,,
1763822342,11/22/2025 9:39:02,-258,777,3618,200,,,,,
1763822350,11/22/2025 9:39:10,-252,776,3618,200,,,,,
1763822356,11/22/2025 9:39:16,-256,777,3621,200,,,,,
1763822365,11/22/2025 9:39:25,-253,782,3617,200,,,,,
1763822374,11/22/2025 9:39:34,-256,780,3624,200,,,,,
1763822381,11/22/2025 9:39:41,-257,777,3613,200,,,,,
1763822408,11/22/2025 9:40:08,-253,782,3618,200,,,,,
1763822417,11/22/2025 9:40:17,-255,779,3617,200,,,,,
1763822426,11/22/2025 9:40:26,-254,775,3618,200,,,,,
1763822434,11/22/2025 9:40:34,-259,779,3615,200,,,,,
1763822453,11/22/2025 9:40:53,-258,785,3607,200,,,,,
1763822463,11/22/2025 9:41:03,-248,777,3621,200,,,,,
1763822487,11/22/2025 9:41:27,-254,780,3616,200,,,,,
1763822517,11/22/2025 9:41:57,-251,778,3617,200,,,,,
1763822526,11/22/2025 9:42:06,-251,783,3611,200,,,,,
1763822535,11/22/2025 9:42:15,-248,781,3614,200,,,,,
1763822549,11/22/2025 9:42:29,-254,775,3623,200,,,,,
1763822564,11/22/2025 9:42:44,-246,781,3612,200,,,,,
1763822582,11/22/2025 9:43:02,-252,783,3612,200,,,,,
1763822592,11/22/2025 9:43:12,-259,789,3607,200,,,,,
1763822598,11/22/2025 9:43:18,-253,780,3620,200,,,,,
1763822620,11/22/2025 9:43:40,-258,779,3614,200,,,,,
1763822628,11/22/2025 9:43:48,-252,778,3625,200,,,,,
1763822634,11/22/2025 9:43:54,-250,776,3620,200,,,,,
1763822657,11/22/2025 9:44:17,-253,786,3611,200,,,,,
1763822666,11/22/2025 9:44:26,-256,781,3614,200,,,,,
1763822673,11/22/2025 9:44:33,-253,777,3608,200,,,,,
1763822687,11/22/2025 9:44:47,-250,783,3617,200,,,,,
1763822692,11/22/2025 9:44:52,-251,782,3608,200,,,,,
1763822713,11/22/2025 9:45:13,-256,778,3614,200,,,,,
1763822746,11/22/2025 9:45:46,-253,776,3619,200,,,,,
1763822754,11/22/2025 9:45:54,-248,771,3621,200,,,,,
1763822766,11/22/2025 9:46:06,-250,774,3620,200,,,,,
1763822779,11/22/2025 9:46:19,-254,777,3615,200,,,,,
1763822788,11/22/2025 9:46:28,-250,777,3614,200,,,,,
1763822797,11/22/2025 9:46:37,-256,786,3618,200,,,,,
1763822811,11/22/2025 9:46:51,-438,779,3583,200,,,,,
1763822820,11/22/2025 9:47:00,-520,635,3608,200,,,,,
1763822829,11/22/2025 9:47:09,-651,391,3636,200,,,,,
1763822833,11/22/2025 9:47:13,-1569,-1497,3132,200,,,,,
1763822841,11/22/2025 9:47:21,-2183,-1315,3050,200,,,,,
1763822846,11/22/2025 9:47:26,-2446,-2063,2672,200,,,,,
1763822856,11/22/2025 9:47:36,-1331,-2277,3083,200,,,,,
1763822862,11/22/2025 9:47:42,-2124,-901,2957,200,,,,,
1763822866,11/22/2025 9:47:46,-2373,28,2758,200,,,,,
1763822881,11/22/2025 9:48:01,-1958,-721,2909,200,,,,,
1763822892,11/22/2025 9:48:12,-1658,-27,3481,200,,,,,
1763822897,11/22/2025 9:48:17,-1656,-421,3345,200,,,,,
1763822902,11/22/2025 9:48:22,-1436,-1156,3188,200,,,,,
1763822912,11/22/2025 9:48:32,-1966,-950,3087,200,,,,,
1763822925,11/22/2025 9:48:45,1742,-1417,3083,200,,,,,
1763822939,11/22/2025 9:48:59,-2212,-500,3134,200,,,,,
1763822950,11/22/2025 9:49:10,-1382,656,3399,200,,,,,
1763822969,11/22/2025 9:49:29,-1405,901,3157,200,,,,,
1763822975,11/22/2025 9:49:35,-1739,568,3175,200,,,,,
1763822985,11/22/2025 9:49:45,-1332,552,3458,200,,,,,
1763822998,11/22/2025 9:49:58,-1230,424,3521,200,,,,,
1763823005,11/22/2025 9:50:05,-1038,480,3562,200,,,,,
1763823014,11/22/2025 9:50:14,-1673,140,3338,200,,,,,
1763823024,11/22/2025 9:50:24,-1050,385,3571,200,,,,,
1763823031,11/22/2025 9:50:31,-1359,-17,3452,200,,,,,
1763823052,11/22/2025 9:50:52,-1065,235,3789,200,,,,,
1763823059,11/22/2025 9:50:59,-1253,-69,3503,200,,,,,
1763823067,11/22/2025 9:51:07,-1303,-483,3471,200,,,,,
1763823072,11/22/2025 9:51:12,-1156,647,3651,200,,,,,
1763823093,11/22/2025 9:51:33,-1279,145,3514,200,,,,,
1763823104,11/22/2025 9:51:44,-1301,153,3583,200,,,,,
1763823127,11/22/2025 9:52:07,-1989,170,3193,200,,,,,
1763823134,11/22/2025 9:52:14,-1776,466,3235,200,,,,,
1763823138,11/22/2025 9:52:18,-1706,502,3320,200,,,,,
1763823145,11/22/2025 9:52:25,-1525,182,3454,200,,,,,
1763823148,11/22/2025 9:52:28,-1556,297,3381,200,,,,,
1763823156,11/22/2025 9:52:36,-1344,474,3492,200,,,,,
1763823163,11/22/2025 9:52:43,-1297,466,3520,200,,,,,
1763823179,11/22/2025 9:52:59,-1478,111,3441,200,,,,,
1763823184,11/22/2025 9:53:04,-1006,294,3676,200,,,,,
1763823196,11/22/2025 9:53:16,-1309,147,3522,200,,,,,
1763823209,11/22/2025 9:53:29,-1149,-260,3576,200,,,,,
1763823215,11/22/2025 9:53:35,-1409,-251,3382,200,,,,,
1763823230,11/22/2025 9:53:50,-1348,-147,3474,200,,,,,
1763823235,11/22/2025 9:53:55,-1112,-189,3593,200,,,,,
1763823244,11/22/2025 9:54:04,-1506,-446,3374,200,,,,,
1763823249,11/22/2025 9:54:09,-1287,-207,3520,200,,,,,
1763823259,11/22/2025 9:54:19,-729,45,3731,200,,,,,
1763823284,11/22/2025 9:54:44,-806,1106,3595,200,,,,,
1763823299,11/22/2025 9:54:59,-622,238,3817,200,,,,,
1763823306,11/22/2025 9:55:06,-1290,15,3660,200,,-17.2,0.2,48.8,51.74282559
1763823314,11/22/2025 9:55:14,-1294,141,3520,200,,-17.25333333,1.88,46.93333333,50.0394813
1763823320,11/22/2025 9:55:20,-1261,-236,3534,200,,-16.81333333,-3.146666667,47.12,50.12867532
1763823325,11/22/2025 9:55:25,-1175,-322,3588,200,,-15.66666667,-4.293333333,47.84,50.52269545
1763823337,11/22/2025 9:55:37,-1195,-41,3659,200,,-15.93333333,-0.5466666667,48.78666667,51.32551802
1763823343,11/22/2025 9:55:43,-1133,-158,3616,200,,-15.10666667,-2.106666667,48.21333333,50.56851722
1763823349,11/22/2025 9:55:49,-1414,-1199,3283,200,,-18.85333333,-15.98666667,43.77333333,50.27053212
1763823361,11/22/2025 9:56:01,-1280,974,3553,200,,-17.06666667,12.98666667,47.37333333,52.0015128
1763823369,11/22/2025 9:56:09,-1170,-1132,3442,200,,-15.6,-15.09333333,45.89333333,50.7677728
1763823375,11/22/2025 9:56:15,800,-3956,-614,200,,10.66666667,-52.74666667,-8.186666667,54.43353868
1763823408,11/22/2025 9:56:48,669,-4012,142,200,,8.92,-53.49333333,1.893333333,54.26497786
1763823412,11/22/2025 9:56:52,302,-3959,751,200,,4.026666667,-52.78666667,10.01333333,53.87868843
1763823417,11/22/2025 9:56:57,2376,-3275,-48,200,,31.68,-43.66666667,-0.64,53.95192098
1763823428,11/22/2025 9:57:08,-560,-3819,1098,200,,-7.466666667,-50.92,14.64,53.50632777
1763823437,11/22/2025 9:57:17,-3126,-2307,-117,200,,-41.68,-30.76,-1.56,51.8250287
1763823445,11/22/2025 9:57:25,335,-3445,1960,200,,4.466666667,-45.93333333,26.13333333,53.03558554
1763823450,11/22/2025 9:57:30,-2074,-2880,1621,200,,-27.65333333,-38.4,21.61333333,52.02310085
1763823458,11/22/2025 9:57:38,-259,-4043,-451,200,,-3.453333333,-53.90666667,-6.013333333,54.35084544
1763823468,11/22/2025 9:57:48,-2932,-2258,-1244,200,,-39.09333333,-30.10666667,-16.58666667,52.05590841
1763823477,11/22/2025 9:57:57,-185,-3346,2079,200,,-2.466666667,-44.61333333,27.72,52.58167319
1763823484,11/22/2025 9:58:04,-1033,-3843,554,200,,-13.77333333,-51.24,7.386666667,53.5705624
1763823487,11/22/2025 9:58:07,-2381,-2863,-1339,200,,-31.74666667,-38.17333333,-17.85333333,52.76168812
1763823493,11/22/2025 9:58:13,-734,-3665,1378,200,,-9.786666667,-48.86666667,18.37333333,53.11599885
1763823496,11/22/2025 9:58:16,1215,-3870,261,200,,16.2,-51.6,3.48,54.19511417
1763823500,11/22/2025 9:58:20,-596,-3721,1324,200,,-7.946666667,-49.61333333,17.65333333,53.25666656
1763823507,11/22/2025 9:58:27,-2046,-3304,765,200,,-27.28,-44.05333333,10.2,52.8103643
1763823515,11/22/2025 9:58:35,-110,-3750,1371,200,,-1.466666667,-50,,50.02150649
1763823518,11/22/2025 9:58:38,579,-3823,1113,200,,7.72,-50.97333333,,51.5546226
1763823529,11/22/2025 9:58:49,-1412,-3762,32,200,,-18.82666667,-50.16,,53.57675781
1763823539,11/22/2025 9:58:59,497,-3538,1781,200,,6.626666667,-47.17333333,,47.63649954
1763823545,11/22/2025 9:59:05,-1293,-3798,186,200,,-17.24,-50.64,,53.49417912
1763823550,11/22/2025 9:59:10,-1738,-2146,2628,200,,-23.17333333,-28.61333333,35.04,50.8284155
1763823554,11/22/2025 9:59:14,679,-4019,-273,200,,9.053333333,-53.58666667,-3.64,54.46781884
1763823558,11/22/2025 9:59:18,-2574,-2561,1305,200,,-34.32,-34.14666667,17.4,51.44528399
1763823564,11/22/2025 9:59:24,-2317,-3205,53,200,,-30.89333333,-42.73333333,0.7066666667,52.73552124
1763823568,11/22/2025 9:59:28,-1231,-3598,-1398,200,,-16.41333333,-47.97333333,-18.64,54.02117939
1763823574,11/22/2025 9:59:34,-2993,-2311,-970,200,,-39.90666667,-30.81333333,-12.93333333,52.05069324
1763823578,11/22/2025 9:59:38,-1423,-3758,-311,200,,-18.97333333,-50.10666667,-4.146666667,53.73881527
1763823582,11/22/2025 9:59:42,-1546,-3619,-861,200,,-20.61333333,-48.25333333,-11.48,53.71297878
1763823591,11/22/2025 9:59:51,-1841,-3396,864,200,,-24.54666667,-45.28,11.52,52.77809815
1763823603,11/22/2025 10:00:03,931,-3929,365,200,,12.41333333,-52.38666667,4.866666667,54.05680469
1763823609,11/22/2025 10:00:09,301,-3407,-2224,200,,4.013333333,-45.42666667,-29.65333333,54.39677441
1763823614,11/22/2025 10:00:14,-1580,-3657,286,200,,-21.06666667,-48.76,3.813333333,53.25301452
1763823617,11/22/2025 10:00:17,-638,-3419,-2092,200,,-8.506666667,-45.58666667,-27.89333333,54.11603829
1763823625,11/22/2025 10:00:25,1355,-3469,1438,200,,18.06666667,-46.25333333,19.17333333,53.22961582
1763823630,11/22/2025 10:00:30,-2457,-2843,1010,200,,-32.76,-37.90666667,13.46666667,51.87951512
1763823636,11/22/2025 10:00:36,1730,-3447,1095,200,,23.06666667,-45.96,14.6,53.45608208
1763823647,11/22/2025 10:00:47,-1328,-2841,2310,200,,-17.70666667,-37.88,30.8,51.93323064
1763823654,11/22/2025 10:00:54,28,-3191,-2511,200,,0.3733333333,-42.54666667,-33.48,54.14119155
1763823661,11/22/2025 10:01:01,-486,-3218,-2415,200,,-6.48,-42.90666667,-32.2,54.03528888
1763823666,11/22/2025 10:01:06,-1460,-3006,2020,200,,-19.46666667,-40.08,26.93333333,52.06497821
1763823670,11/22/2025 10:01:10,-1773,-3552,-535,200,,-23.64,-47.36,-7.133333333,53.41070721
1763823679,11/22/2025 10:01:19,-1171,-3844,-274,200,,-15.61333333,-51.25333333,-3.653333333,53.70313957
1763823684,11/22/2025 10:01:24,-2943,-2478,485,200,,-39.24,-33.04,6.466666667,51.70335558
1763823688,11/22/2025 10:01:28,-1220,-3707,-1043,200,,-16.26666667,-49.42666667,-13.90666667,53.86088748
1763823692,11/22/2025 10:01:32,-1783,-3475,-913,200,,-23.77333333,-46.33333333,-12.17333333,53.48026926
1763823700,11/22/2025 10:01:40,683,-3993,-533,200,,9.106666667,-53.24,-7.106666667,54.47874529
1763823705,11/22/2025 10:01:45,-515,-3952,-778,200,,-6.866666667,-52.69333333,,53.13886044
1763823713,11/22/2025 10:01:53,-808,-2399,2886,200,,-10.77333333,-31.98666667,,33.75220816
1763823721,11/22/2025 10:02:01,1920,-3425,-1070,200,,25.6,-45.66666667,,52.35269281
1763823728,11/22/2025 10:02:08,-126,-3616,-1883,200,,-1.68,-48.21333333,,48.24259437
1763823731,11/22/2025 10:02:11,488,-3935,743,200,,6.506666667,-52.46666667,,52.86859013
1763823738,11/22/2025 10:02:18,-635,-3696,1298,200,,-8.466666667,-49.28,17.30666667,52.912414
1763823744,11/22/2025 10:02:24,1183,-3894,-223,200,,15.77333333,-51.92,-2.973333333,54.34450437
1763823753,11/22/2025 10:02:33,-3096,-1638,1480,200,,-41.28,-21.84,19.73333333,50.69939294
1763823758,11/22/2025 10:02:38,-43,-2049,3226,200,,-0.5733333333,-27.32,43.01333333,50.95937554
1763823773,11/22/2025 10:02:53,-190,-3782,-1501,200,,-2.533333333,-50.42666667,-20.01333333,54.31206128
1763823781,11/22/2025 10:03:01,-2930,-2221,-1286,200,,-39.06666667,-29.61333333,-17.14666667,51.93420966
1763823793,11/22/2025 10:03:13,1011,-3379,1803,200,,13.48,-45.05333333,24.04,52.81510053
1763823800,11/22/2025 10:03:20,-1001,-3470,1601,200,,-13.34666667,-46.26666667,21.34666667,52.67274564
1763823804,11/22/2025 10:03:24,-2561,-2455,1497,200,,-34.14666667,-32.73333333,19.96,51.34070077
1763823812,11/22/2025 10:03:32,777,-3788,-1314,200,,10.36,-50.50666667,-17.52,54.45368103
1763823817,11/22/2025 10:03:37,-1226,-3695,849,200,,-16.34666667,-49.26666667,11.32,53.12777386
1763823835,11/22/2025 10:03:55,-554,-3866,891,200,,-7.386666667,-51.54666667,11.88,53.41119816
1763823842,11/22/2025 10:04:02,963,-3510,-1843,200,,12.84,-46.8,-24.57333333,54.39627111
1763823846,11/22/2025 10:04:06,-1038,-3826,-783,200,,-13.84,-51.01333333,-10.44,53.87856139
1763823849,11/22/2025 10:04:09,-2529,-3003,-283,200,,-33.72,-40.04,-3.773333333,52.48312152
1763823854,11/22/2025 10:04:14,-540,-3662,1467,200,,-7.2,-48.82666667,19.56,53.08933017
1763823857,11/22/2025 10:04:17,-659,-3495,-1941,200,,-8.786666667,-46.6,-25.88,54.02351258
1763823861,11/22/2025 10:04:21,2231,-3347,207,200,,29.74666667,-44.62666667,2.76,53.7030833
1763823867,11/22/2025 10:04:27,-397,-3921,777,200,,-5.293333333,-52.28,10.36,53.55882166
1763823870,11/22/2025 10:04:30,-1760,-3282,1254,200,,-23.46666667,-43.76,16.72,52.3944696
1763823875,11/22/2025 10:04:35,-2041,-3398,-344,200,,-27.21333333,-45.30666667,-4.586666667,53.04994879
1763823879,11/22/2025 10:04:39,-1027,-3565,1395,200,,-13.69333333,-47.53333333,18.6,52.8477545
1763823890,11/22/2025 10:04:50,-250,-3726,-1614,200,,-3.333333333,-49.68,-21.52,54.2431923
1763823901,11/22/2025 10:05:01,-832,-3888,556,200,,-11.09333333,-51.84,7.413333333,53.52947931
1763823905,11/22/2025 10:05:05,-1559,-3438,-1364,200,,-20.78666667,-45.84,-18.18666667,53.51771628
1763823913,11/22/2025 10:05:13,-810,-3645,1360,200,,-10.8,-48.6,18.13333333,52.98507127
1763823923,11/22/2025 10:05:23,-817,-3895,527,200,,-10.89333333,-51.93333333,,53.06350744
1763823927,11/22/2025 10:05:27,-2650,-2775,-817,200,,-35.33333333,-37,,51.16096602
1763823939,11/22/2025 10:05:39,-861,-3680,1215,200,,-11.48,-49.06666667,,50.39174712
1763823943,11/22/2025 10:05:43,1098,-3662,1201,200,,14.64,-48.82666667,,50.97423837
1763823962,11/22/2025 10:06:02,971,-3919,-512,200,,12.94666667,-52.25333333,,53.83332632
1763823968,11/22/2025 10:06:08,-3019,-2054,-1313,200,,-40.25333333,-27.38666667,-17.50666667,51.73822314
1763823974,11/22/2025 10:06:14,-1898,-3130,1404,200,,-25.30666667,-41.73333333,18.72,52.273673
1763823983,11/22/2025 10:06:23,607,-3933,625,200,,8.093333333,-52.44,8.333333333,53.71126594
1763823987,11/22/2025 10:06:27,130,-2780,2697,200,,1.733333333,-37.06666667,35.96,51.6726603
1763823996,11/22/2025 10:06:36,58,-4006,-700,200,,0.7733333333,-53.41333333,-9.333333333,54.22815997
1763824004,11/22/2025 10:06:44,-596,-3730,-1475,200,,-7.946666667,-49.73333333,-19.66666667,54.0678438
1763824009,11/22/2025 10:06:49,-1294,-3489,1327,200,,-17.25333333,-46.52,17.69333333,52.67676865
1763824015,11/22/2025 10:06:55,-2165,-3253,-695,200,,-28.86666667,-43.37333333,-9.266666667,52.91882085
1763824019,11/22/2025 10:06:59,-256,-3980,562,200,,-3.413333333,-53.06666667,7.493333333,53.70169457
1763824026,11/22/2025 10:07:06,524,-3658,1495,200,,6.986666667,-48.77333333,19.93333333,53.15062872
1763824030,11/22/2025 10:07:10,-990,-3646,-1446,200,,-13.2,-48.61333333,-19.28,53.93713542
1763824034,11/22/2025 10:07:14,-1659,-3337,-1494,200,,-22.12,-44.49333333,-19.92,53.53277044
1763824040,11/22/2025 10:07:20,2127,-3413,-196,200,,28.36,-45.50666667,-2.613333333,53.68403694
1763824045,11/22/2025 10:07:25,-775,-3957,-145,200,,-10.33333333,-52.76,-1.933333333,53.79714821
1763824055,11/22/2025 10:07:35,1255,-3666,1020,200,,16.73333333,-48.88,13.6,53.42488975
1763824060,11/22/2025 10:07:40,-234,-3751,1314,200,,-3.12,-50.01333333,17.52,53.08501023
1763824065,11/22/2025 10:07:45,384,-3238,-2421,200,,5.12,-43.17333333,-32.28,54.14932604
1763824077,11/22/2025 10:07:57,61,-3760,1312,200,,0.8133333333,-50.13333333,17.49333333,53.10394838
1763824086,11/22/2025 10:08:06,-1386,-2385,2667,200,,-18.48,-31.8,35.56,51.1592025
1763824091,11/22/2025 10:08:11,-14,-3981,-815,200,,-0.1866666667,-53.08,-10.86666667,54.18123004
1763824097,11/22/2025 10:08:17,-2623,-2572,1167,200,,-34.97333333,-34.29333333,15.56,51.39338825
1763824102,11/22/2025 10:08:22,-2523,-3007,7,200,,-33.64,-40.09333333,0.09333333333,52.33673365
1763824109,11/22/2025 10:08:29,401,-3612,1613,200,,5.346666667,-48.16,21.50666667,53.0142354
1763824120,11/22/2025 10:08:40,559,-3975,428,200,,7.453333333,-53,5.706666667,53.82488479
1763824130,11/22/2025 10:08:50,893,-3937,-409,200,,11.90666667,-52.49333333,-5.453333333,54.10228831
1763824135,11/22/2025 10:08:55,-2278,-3206,141,200,,-30.37333333,-42.74666667,1.88,52.47238597
1763824141,11/22/2025 10:09:01,1584,-3266,1572,200,,21.12,-43.54666667,,48.3980018
1763824151,11/22/2025 10:09:11,-1656,-3383,1150,200,,-22.08,-45.10666667,,50.22088985
1763824158,11/22/2025 10:09:18,-1390,-3157,-2051,200,,-18.53333333,-42.09333333,,45.99275112
1763824163,11/22/2025 10:09:23,-1090,-3855,106,200,,-14.53333333,-51.4,,53.41514558
1763824169,11/22/2025 10:09:29,-288,-4023,-269,200,,-3.84,-53.64,,53.77727401
1763824175,11/22/2025 10:09:35,588,-3617,-1781,200,,7.84,-48.22666667,-23.74666667,54.32477479
1763824179,11/22/2025 10:09:39,-545,-3805,-1295,200,,-7.266666667,-50.73333333,-17.26666667,54.08154337
1763824184,11/22/2025 10:09:44,13,-3461,1878,200,,0.1733333333,-46.14666667,25.04,52.50282363
1763824190,11/22/2025 10:09:50,-536,-3798,1076,200,,-7.146666667,-50.64,14.34666667,53.11601725
1763824195,11/22/2025 10:09:55,-349,-3976,-735,200,,-4.653333333,-53.01333333,-9.8,54.11198594
1763824200,11/22/2025 10:10:00,753,-3893,720,200,,10.04,-51.90666667,9.6,53.73326385
1763824205,11/22/2025 10:10:05,-2280,-3200,-442,200,,-30.4,-42.66666667,-5.893333333,52.7194065
1763824222,11/22/2025 10:10:22,-1034,-3872,-359,200,,-13.78666667,-51.62666667,-4.786666667,53.64976297
1763824227,11/22/2025 10:10:27,47,-3538,1766,200,,0.6266666667,-47.17333333,23.54666667,52.72723774
1763824230,11/22/2025 10:10:30,-1730,-3481,710,200,,-23.06666667,-46.41333333,9.466666667,52.68668143
1763824234,11/22/2025 10:10:34,2092,-3436,-165,200,,27.89333333,-45.81333333,-2.2,53.68183637
1763824241,11/22/2025 10:10:41,-199,-3702,-1652,200,,-2.653333333,-49.36,-22.02666667,54.11676101
1763824246,11/22/2025 10:10:46,815,-3049,-2547,200,,10.86666667,-40.65333333,-33.96,54.07457402
1763824252,11/22/2025 10:10:52,1036,-3777,-1094,200,,13.81333333,-50.36,-14.58666667,54.21907987
1763824258,11/22/2025 10:10:58,-2551,-2653,-1387,200,,-34.01333333,-35.37333333,-18.49333333,52.44218658
1763824265,11/22/2025 10:11:05,-235,-4028,66,200,,-3.133333333,-53.70666667,0.88,53.80518769
1763824271,11/22/2025 10:11:11,-1666,-3489,-982,200,,-22.21333333,-46.52,-13.09333333,53.18813736
1763824295,11/22/2025 10:11:35,-1101,-3815,-654,200,,-14.68,-50.86666667,-8.72,53.6559277
1763824299,11/22/2025 10:11:39,-2263,-3127,-833,200,,-30.17333333,-41.69333333,-11.10666667,52.65094618
1763824303,11/22/2025 10:11:43,-960,-3117,2138,200,,-12.8,-41.56,28.50666667,51.99715035
1763824307,11/22/2025 10:11:47,-1502,-3280,-1738,200,,-20.02666667,-43.73333333,-23.17333333,53.39171471
1763824314,11/22/2025 10:11:54,217,-3644,-1771,200,,2.893333333,-48.58666667,-23.61333333,54.09829079
1763824319,11/22/2025 10:11:59,-2432,-2683,1314,200,,-32.42666667,-35.77333333,17.52,51.36312382
1763824326,11/22/2025 10:12:06,-1700,-3555,403,200,,-22.66666667,-47.4,5.373333333,52.81486996
1763824331,11/22/2025 10:12:11,-117,-4037,17,200,,-1.56,-53.82666667,0.2266666667,53.84974487
1763824339,11/22/2025 10:12:19,-177,-3947,653,200,,-2.36,-52.62666667,8.706666667,53.39421026
1763824357,11/22/2025 10:12:37,1271,-3802,-605,200,,16.94666667,-50.69333333,,53.45094532
1763824361,11/22/2025 10:12:41,-1547,-3648,293,200,,-20.62666667,-48.64,,52.83283996
1763824366,11/22/2025 10:12:46,524,-3512,1762,200,,6.986666667,-46.82666667,,47.34501264
1763824370,11/22/2025 10:12:50,1101,-3833,-758,200,,14.68,-51.10666667,,53.17324306
1763824374,11/22/2025 10:12:54,-3016,-1233,1882,200,,-40.21333333,-16.44,,43.44405342
1763824378,11/22/2025 10:12:58,-432,-3993,233,200,,-5.76,-53.24,3.106666667,53.64071754
1763824387,11/22/2025 10:13:07,-1339,-3201,1781,200,,-17.85333333,-42.68,23.74666667,52.00219312
1763824392,11/22/2025 10:13:12,-2145,-3307,58,200,,-28.6,-44.09333333,0.7733333333,52.56215453
1763824398,11/22/2025 10:13:18,-843,-2500,2787,200,,-11.24,-33.33333333,37.16,51.16946659
1763824407,11/22/2025 10:13:27,98,-3978,569,200,,1.306666667,-53.04,7.586666667,53.59576932
1763824414,11/22/2025 10:13:34,-1203,-3703,-1023,200,,-16.04,-49.37333333,-13.64,53.67548085
1763824417,11/22/2025 10:13:37,602,-3831,-1212,200,,8.026666667,-51.08,-16.16,54.17323488
1763824429,11/22/2025 10:13:49,-3140,-2210,87,200,,-41.86666667,-29.46666667,1.16,51.20984107
1763824434,11/22/2025 10:13:54,1145,-2921,-2549,200,,15.26666667,-38.94666667,-33.98666667,53.89812118
1763824438,11/22/2025 10:13:58,-1273,-3778,-372,200,,-16.97333333,-50.37333333,-4.96,53.38696803
1763824443,11/22/2025 10:14:03,-2677,-2596,988,200,,-35.69333333,-34.61333333,13.17333333,51.43572299
1763824447,11/22/2025 10:14:07,-264,-3300,-2318,200,,-3.52,-44,-30.90666667,53.88517834
1763824453,11/22/2025 10:14:13,-396,-3130,-2509,200,,-5.28,-41.73333333,-33.45333333,53.74639543
1763824457,11/22/2025 10:14:17,-902,-3536,1493,200,,-12.02666667,-47.14666667,19.90666667,52.5711353
1763824461,11/22/2025 10:14:21,503,-3785,1167,200,,6.706666667,-50.46666667,15.56,53.23511456
1763824469,11/22/2025 10:14:29,-675,-3857,-984,200,,-9,-51.42666667,-13.12,53.83155621
1763824474,11/22/2025 10:14:34,1382,-3768,-446,200,,18.42666667,-50.24,-5.946666667,53.84201416
1763824479,11/22/2025 10:14:39,-365,-4006,-216,200,,-4.866666667,-53.41333333,-2.88,53.71185179
1763824483,11/22/2025 10:14:43,-915,-3469,-1832,200,,-12.2,-46.25333333,-24.42666667,53.71101273
1763824490,11/22/2025 10:14:50,1210,-3447,-1770,200,,16.13333333,-45.96,-23.6,54.12546577
1763824499,11/22/2025 10:14:59,-984,-3868,161,200,,-13.12,-51.57333333,2.146666667,53.25928359
1763824503,11/22/2025 10:15:03,-1368,-3589,898,200,,-18.24,-47.85333333,11.97333333,52.59277348
1763824509,11/22/2025 10:15:09,-1002,-3640,1163,200,,-13.36,-48.53333333,15.50666667,52.67286546
1763824515,11/22/2025 10:15:15,-545,-3447,-2024,200,,-7.266666667,-45.96,-26.98666667,53.79039154
1763824521,11/22/2025 10:15:21,-707,-3940,137,200,,-9.426666667,-52.53333333,1.826666667,53.40365031
1763824525,11/22/2025 10:15:25,-1181,-3600,1104,200,,-15.74666667,-48,14.72,52.61782883
1763824529,11/22/2025 10:15:29,-524,-3658,-1644,200,,-6.986666667,-48.77333333,,49.27120412
1763824535,11/22/2025 10:15:35,-2926,-2501,185,200,,-39.01333333,-33.34666667,,51.32290284
1763824539,11/22/2025 10:15:39,843,-3726,-1396,200,,11.24,-49.68,,50.93564567
1763824544,11/22/2025 10:15:44,-954,-3117,2122,200,,-12.72,-41.56,,43.46299576
1763824549,11/22/2025 10:15:49,0,-4018,184,200,,0,-53.57333333,,53.57333333
1763824557,11/22/2025 10:15:57,1157,-3004,2198,200,,15.42666667,-40.05333333,29.30666667,51.97241833
1763824562,11/22/2025 10:16:02,561,-3988,78,200,,7.48,-53.17333333,1.04,53.70693975
1763824567,11/22/2025 10:16:07,-1948,-3182,-1305,200,,-25.97333333,-42.42666667,-17.4,52.70100653
1763824572,11/22/2025 10:16:12,412,-3994,279,200,,5.493333333,-53.25333333,3.72,53.6650037
1763824577,11/22/2025 10:16:17,657,-3971,-344,200,,8.76,-52.94666667,-4.586666667,53.86208891
1763824581,11/22/2025 10:16:21,497,-3849,934,200,,6.626666667,-51.32,12.45333333,53.2234969
1763824587,11/22/2025 10:16:27,484,-3492,1766,200,,6.453333333,-46.56,23.54666667,52.57304083
1763824591,11/22/2025 10:16:31,-995,-3749,855,200,,-13.26666667,-49.98666667,11.4,52.95876971
1763824599,11/22/2025 10:16:39,-304,-3992,241,200,,-4.053333333,-53.22666667,3.213333333,53.47740707
1763824604,11/22/2025 10:16:44,-350,-3485,1793,200,,-4.666666667,-46.46666667,23.90666667,52.46386947
1763824607,11/22/2025 10:16:47,-2219,-3226,-339,200,,-29.58666667,-43.01333333,-4.52,52.40179471
1763824613,11/22/2025 10:16:53,-1815,-3161,1369,200,,-24.2,-42.14666667,18.25333333,51.91498521
1763824617,11/22/2025 10:16:57,1116,-3733,875,200,,14.88,-49.77333333,11.66666667,53.24387497
1763824623,11/22/2025 10:17:03,-2131,-3290,203,200,,-28.41333333,-43.86666667,2.706666667,52.33476856
1763824637,11/22/2025 10:17:17,-1031,-3810,-715,200,,-13.74666667,-50.8,-9.533333333,53.48359832
1763824641,11/22/2025 10:17:21,2241,-3286,-522,200,,29.88,-43.81333333,-6.96,53.48704682
1763824646,11/22/2025 10:17:26,-397,-3674,1410,200,,-5.293333333,-48.98666667,18.8,52.73663706
1763824654,11/22/2025 10:17:34,487,-3722,1277,200,,6.493333333,-49.62666667,17.02666667,52.86659437
1763824659,11/22/2025 10:17:39,-1199,-3195,1865,200,,-15.98666667,-42.6,24.86666667,51.85252764
1763824666,11/22/2025 10:17:46,-1759,-3103,-1750,200,,-23.45333333,-41.37333333,-23.33333333,52.97410688
1763824670,11/22/2025 10:17:50,-1035,-3793,562,200,,-13.8,-50.57333333,7.493333333,52.95518944
1763824674,11/22/2025 10:17:54,74,-3991,-639,200,,0.9866666667,-53.21333333,-8.52,53.90011833
1763824679,11/22/2025 10:17:59,-762,-3687,1212,200,,-10.16,-49.16,16.16,52.73591566
1763824682,11/22/2025 10:18:02,348,-328,-3901,200,,4.64,-4.373333333,-52.01333333,52.40269544
1763824691,11/22/2025 10:18:11,554,-3176,2195,200,,7.386666667,-42.34666667,29.26666667,52.00327682
1763824696,11/22/2025 10:18:16,1191,-3253,1850,200,,15.88,-43.37333333,24.66666667,52.36281972
1763824705,11/22/2025 10:18:25,-460,-3871,-1029,200,,-6.133333333,-51.61333333,,51.97647502
1763824713,11/22/2025 10:18:33,-1744,-2909,1830,200,,-23.25333333,-38.78666667,,45.22303641
1763824718,11/22/2025 10:18:38,-956,-3726,-1145,200,,-12.74666667,-49.68,,51.28917928
1763824727,11/22/2025 10:18:47,741,-3476,-1946,200,,9.88,-46.34666667,,47.38805663
1763824736,11/22/2025 10:18:56,-1228,-3165,1870,200,,-16.37333333,-42.2,,45.26506428
1763824741,11/22/2025 10:19:01,586,-2377,-3188,200,,7.813333333,-31.69333333,-42.50666667,53.59414396
1763824745,11/22/2025 10:19:05,2900,-2657,227,200,,38.66666667,-35.42666667,3.026666667,52.52923503
1763824749,11/22/2025 10:19:09,-2319,-1768,-2593,200,,-30.92,-23.57333333,-34.57333333,52.02945149
1763824756,11/22/2025 10:19:16,-2066,-2862,1557,200,,-27.54666667,-38.16,20.76,51.43911007
1763824762,11/22/2025 10:19:22,759,-3698,-1464,200,,10.12,-49.30666667,-19.52,53.98696304
1763824769,11/22/2025 10:19:29,-1105,-3483,1427,200,,-14.73333333,-46.44,19.02666667,52.30448122
1763824778,11/22/2025 10:19:38,174,-3476,-2065,200,,2.32,-46.34666667,-27.53333333,53.95813521
1763824788,11/22/2025 10:19:48,974,-3653,1163,200,,12.98666667,-48.70666667,15.50666667,52.73945013
1763824793,11/22/2025 10:19:53,-2394,-2941,753,200,,-31.92,-39.21333333,10.04,51.54971883
1763824800,11/22/2025 10:20:00,-1459,-3325,1414,200,,-19.45333333,-44.33333333,18.85333333,51.95502671
1763824809,11/22/2025 10:20:09,-684,-3006,-2567,200,,-9.12,-40.08,-34.22666667,53.48874191
1763824813,11/22/2025 10:20:13,-334,-2582,2821,200,,-4.453333333,-34.42666667,37.61333333,51.18388809
1763824820,11/22/2025 10:20:20,-932,-3854,344,200,,-12.42666667,-51.38666667,4.586666667,53.06645896
1763824825,11/22/2025 10:20:25,-331,-3697,-1573,200,,-4.413333333,-49.29333333,-20.97333333,53.75119472
1763824830,11/22/2025 10:20:30,-2124,-3289,174,200,,-28.32,-43.85333333,2.32,52.2543744
1763824836,11/22/2025 10:20:36,-1045,-2826,2400,200,,-13.93333333,-37.68,32,51.36068708
1763824845,11/22/2025 10:20:45,-586,-3433,1779,200,,-7.813333333,-45.77333333,23.72,52.14292495
1763824850,11/22/2025 10:20:50,-1257,-3471,1284,200,,-16.76,-46.28,17.12,52.1136297
1763824859,11/22/2025 10:20:59,-505,-3704,1305,200,,-6.733333333,-49.38666667,17.4,52.79337669
1763824867,11/22/2025 10:21:07,121,-3909,-993,200,,1.613333333,-52.12,-13.24,53.79958034
1763824871,11/22/2025 10:21:11,1151,-3853,-229,200,,15.34666667,-51.37333333,-3.053333333,53.7034673
1763824878,11/22/2025 10:21:18,-2760,-2660,-536,200,,-36.8,-35.46666667,-7.146666667,51.60619429
1763824883,11/22/2025 10:21:23,-1694,-2897,-2084,200,,-22.58666667,-38.62666667,-27.78666667,52.67139388
1763824889,11/22/2025 10:21:29,-578,-3760,-1299,200,,-7.706666667,-50.13333333,-17.32,53.59781919
1763824894,11/22/2025 10:21:34,-186,-3522,1720,200,,-2.48,-46.96,22.93333333,52.31949711
1763824901,11/22/2025 10:21:41,730,-3945,-34,200,,9.733333333,-52.6,-0.4533333333,53.49489031
1763824909,11/22/2025 10:21:49,-780,-3717,-1291,200,,-10.4,-49.56,,50.63944707
1763824914,11/22/2025 10:21:54,-2054,-3239,-924,200,,-27.38666667,-43.18666667,,51.13822141
1763824920,11/22/2025 10:22:00,-2354,-3029,532,200,,-31.38666667,-40.38666667,,51.14885814
1763824925,11/22/2025 10:22:05,373,-3953,488,200,,4.973333333,-52.70666667,,52.94078537
1763824934,11/22/2025 10:22:14,-1915,-3396,-636,200,,-25.53333333,-45.28,,51.98297328
1763824940,11/22/2025 10:22:20,-2586,-466,-2726,200,,-34.48,-6.213333333,-36.34666667,50.48322582
1763824947,11/22/2025 10:22:27,-556,-3601,-1691,200,,-7.413333333,-48.01333333,-22.54666667,53.55921832
1763824954,11/22/2025 10:22:34,1826,-3076,-1872,200,,24.34666667,-41.01333333,-24.96,53.83173125
1763824958,11/22/2025 10:22:38,1430,-3733,-379,200,,19.06666667,-49.77333333,-5.053333333,53.53931888
1763824963,11/22/2025 10:22:43,-761,-3874,438,200,,-10.14666667,-51.65333333,5.84,52.96345239
1763824970,11/22/2025 10:22:50,2179,-2779,-1892,200,,29.05333333,-37.05333333,-25.22666667,53.41751024
1763824975,11/22/2025 10:22:55,-264,-3859,-1128,200,,-3.52,-51.45333333,-15.04,53.7218532
1763824985,11/22/2025 10:23:05,-966,-2458,2783,200,,-12.88,-32.77333333,37.10666667,51.15555189
1763825006,11/22/2025 10:23:26,-3171,-1965,537,200,,-42.28,-26.2,7.16,50.25240293
1763825013,11/22/2025 10:23:33,787,-3714,-1404,200,,10.49333333,-49.52,-18.72,53.97016624
1763825017,11/22/2025 10:23:37,293,-3762,1177,200,,3.906666667,-50.16,15.69333333,52.70264088
1763825024,11/22/2025 10:23:44,1220,-3753,561,200,,16.26666667,-50.04,7.48,53.14655628
1763825029,11/22/2025 10:23:49,-1737,-3467,607,200,,-23.16,-46.22666667,8.093333333,52.33347261
1763825035,11/22/2025 10:23:55,-2936,-1543,1720,200,,-39.14666667,-20.57333333,22.93333333,49.81627579
1763825041,11/22/2025 10:24:01,-2161,-2395,1993,200,,-28.81333333,-31.93333333,26.57333333,50.55776894
1763825046,11/22/2025 10:24:06,-654,-3616,-1613,200,,-8.72,-48.21333333,-21.50666667,53.50794915
1763825051,11/22/2025 10:24:11,72,-3608,1558,200,,0.96,-48.10666667,20.77333333,52.40901025
1763825058,11/22/2025 10:24:18,-249,-3302,-2283,200,,-3.32,-44.02666667,-30.44,53.62800927
1763825062,11/22/2025 10:24:22,855,-3917,82,200,,11.4,-52.22666667,1.093333333,53.46756109
1763825067,11/22/2025 10:24:27,-2766,-2535,715,200,,-36.88,-33.8,9.533333333,50.92601344
1763825077,11/22/2025 10:24:37,-319,-3976,-383,200,,-4.253333333,-53.01333333,-5.106666667,53.42829213
1763825081,11/22/2025 10:24:41,1432,-3732,22,200,,19.09333333,-49.76,0.2933333333,53.29820843
1763825088,11/22/2025 10:24:48,838,-3621,-1565,200,,11.17333333,-48.28,-20.86666667,53.77006189
1763825094,11/22/2025 10:24:54,-2572,-2773,-874,200,,-34.29333333,-36.97333333,-11.65333333,51.75770732
1763825098,11/22/2025 10:24:58,-191,-3264,2114,200,,-2.546666667,-43.52,28.18666667,51.91304353
1763825103,11/22/2025 10:25:03,-1742,-3462,529,200,,-23.22666667,-46.16,7.053333333,52.15336188
1763825109,11/22/2025 10:25:09,-949,-3653,-1330,200,,-12.65333333,-48.70666667,,50.32341624
1763825117,11/22/2025 10:25:17,179,-4001,-114,200,,2.386666667,-53.34666667,,53.4000283
1763825126,11/22/2025 10:25:26,-1462,-3521,-1062,200,,-19.49333333,-46.94666667,,50.83285901
1763825131,11/22/2025 10:25:31,-1196,-3324,1655,200,,-15.94666667,-44.32,,47.10157723
1763825134,11/22/2025 10:25:34,-2093,-3109,-1114,200,,-27.90666667,-41.45333333,,49.97160082
1763825139,11/22/2025 10:25:39,-327,-3960,305,200,,-4.36,-52.8,4.066666667,53.13555662
1763825145,11/22/2025 10:25:45,-892,-3867,125,200,,-11.89333333,-51.56,1.666666667,52.94018092
1763825149,11/22/2025 10:25:49,-465,-3834,-1093,200,,-6.2,-51.12,-14.57333333,53.51706685
1763825156,11/22/2025 10:25:56,-2135,-2786,1521,200,,-28.46666667,-37.14666667,20.28,51.00494442
1763825162,11/22/2025 10:26:02,-1736,-3147,-1622,200,,-23.14666667,-41.96,-21.62666667,52.57492262
1763825165,11/22/2025 10:26:05,-1866,-2318,2366,200,,-24.88,-30.90666667,31.54666667,50.68953168
1763825177,11/22/2025 10:26:17,-1397,-3004,-2181,200,,-18.62666667,-40.05333333,-29.08,52.88542921
1763825183,11/22/2025 10:26:23,-170,-3945,486,200,,-2.266666667,-52.6,6.48,53.04609484
1763825188,11/22/2025 10:26:28,-2008,-2822,1641,200,,-26.77333333,-37.62666667,21.88,51.10099629
1763825199,11/22/2025 10:26:39,1226,-3048,2080,200,,16.34666667,-40.64,27.73333333,51.8455484
1763825207,11/22/2025 10:26:47,2623,-2667,1090,200,,34.97333333,-35.56,14.53333333,51.9506056
1763825211,11/22/2025 10:26:51,-498,-3734,1163,200,,-6.64,-49.78666667,15.50666667,52.56670514
1763825218,11/22/2025 10:26:58,-224,-3927,-777,200,,-2.986666667,-52.36,-10.36,53.45857628
1763825224,11/22/2025 10:27:04,1940,-3438,-624,200,,25.86666667,-45.84,-8.32,53.28801408
1763825227,11/22/2025 10:27:07,-32,-3805,-1296,200,,-0.4266666667,-50.73333333,-17.28,53.59712264
1763825233,11/22/2025 10:27:13,-583,-3363,-2098,200,,-7.773333333,-44.84,-27.97333333,53.41870168
1763825237,11/22/2025 10:27:17,-490,-3222,-2331,200,,-6.533333333,-42.96,-31.08,53.42482985
1763825245,11/22/2025 10:27:25,1793,-3427,848,200,,23.90666667,-45.69333333,11.30666667,52.79441385
1763825252,11/22/2025 10:27:32,-499,-3638,1402,200,,-6.653333333,-48.50666667,18.69333333,52.40805536
1763825256,11/22/2025 10:27:36,-2370,-2820,-1303,200,,-31.6,-37.6,-17.37333333,52.09753076
1763825262,11/22/2025 10:27:42,-1175,-3658,835,200,,-15.66666667,-48.77333333,11.13333333,52.42359774
1763825267,11/22/2025 10:27:47,-261,-3963,234,200,,-3.48,-52.84,3.12,53.0463043
1763825272,11/22/2025 10:27:52,-2209,-2612,1696,200,,-29.45333333,-34.82666667,22.61333333,50.90931545
1763825278,11/22/2025 10:27:58,937,-2987,-2523,200,,12.49333333,-39.82666667,-33.64,53.60873395
1763825282,11/22/2025 10:28:02,-1263,-3717,380,200,,-16.84,-49.56,5.066666667,52.58754901
1763825287,11/22/2025 10:28:07,-1129,-3790,-199,200,,-15.05333333,-50.53333333,-2.653333333,52.79451487
1763825293,11/22/2025 10:28:13,-1153,-3506,-1502,200,,-15.37333333,-46.74666667,,49.20965578
1763825304,11/22/2025 10:28:24,-1231,-3589,1004,200,,-16.41333333,-47.85333333,,50.58991028
1763825313,11/22/2025 10:28:33,1232,-3606,1024,200,,16.42666667,-48.08,,50.80867817
1763825326,11/22/2025 10:28:46,2343,-3068,743,200,,31.24,-40.90666667,,51.47128304
1763825330,11/22/2025 10:28:50,3133,-2259,469,200,,41.77333333,-30.12,,51.49976483
1763825335,11/22/2025 10:28:55,-3466,-767,-1182,200,,-46.21333333,-10.22666667,-15.76,49.88621542
1763825345,11/22/2025 10:29:05,927,-3424,1643,200,,12.36,-45.65333333,21.90666667,52.12387638
1763825352,11/22/2025 10:29:12,-79,-3755,1197,200,,-1.053333333,-50.06666667,15.96,52.55951124
1763825356,11/22/2025 10:29:16,-433,-3318,1964,200,,-5.773333333,-44.24,26.18666667,51.73248968
1763825362,11/22/2025 10:29:22,111,-3975,-459,200,,1.48,-53,-6.12,53.37269714
1763825367,11/22/2025 10:29:27,-1864,-3448,-30,200,,-24.85333333,-45.97333333,-0.4,52.26275496
1763825371,11/22/2025 10:29:31,228,-3959,353,200,,3.04,-52.78666667,4.706666667,53.08320345
1763825377,11/22/2025 10:29:37,-1192,-3627,-1129,200,,-15.89333333,-48.36,-15.05333333,53.08380628
1763825381,11/22/2025 10:29:41,-2370,-2965,629,200,,-31.6,-39.53333333,8.386666667,51.30088325
1763825387,11/22/2025 10:29:47,2110,-3140,-1266,200,,28.13333333,-41.86666667,-16.88,53.19056892
1763825392,11/22/2025 10:29:52,-2565,-2884,-232,200,,-34.2,-38.45333333,-3.093333333,51.55451053
1763825397,11/22/2025 10:29:57,1806,-3177,1409,200,,24.08,-42.36,18.78666667,52.22216813
1763825401,11/22/2025 10:30:01,-2422,-2789,-1171,200,,-32.29333333,-37.18666667,-15.61333333,51.66704688
1763825407,11/22/2025 10:30:07,1783,-1528,2952,200,,23.77333333,-20.37333333,39.36,50.29367444
1763825415,11/22/2025 10:30:15,-734,-3883,-490,200,,-9.786666667,-51.77333333,-6.533333333,53.09370333
1763825420,11/22/2025 10:30:20,-832,-2945,2352,200,,-11.09333333,-39.26666667,31.36,51.46244024
1763825428,11/22/2025 10:30:28,1307,-2690,-2627,200,,17.42666667,-35.86666667,-35.02666667,53.07517185
1763825436,11/22/2025 10:30:36,-1583,-2295,-2756,200,,-21.10666667,-30.6,-36.74666667,52.27015294
1763825442,11/22/2025 10:30:42,-634,-3519,-1795,200,,-8.453333333,-46.92,-23.93333333,53.3455686
1763825449,11/22/2025 10:30:49,465,-2151,3101,200,,6.2,-28.68,41.34666667,50.70038702
1763825453,11/22/2025 10:30:53,2718,-2855,-170,200,,36.24,-38.06666667,-2.266666667,52.6074756
1763825459,11/22/2025 10:30:59,-2674,-417,2527,200,,-35.65333333,-5.56,33.69333333,49.36916537
1763825469,11/22/2025 10:31:09,2680,-724,2588,200,,35.73333333,-9.653333333,34.50666667,50.60403146
1763825476,11/22/2025 10:31:16,-2468,-2843,-934,200,,-32.90666667,-37.90666667,-12.45333333,51.71894817
1763825482,11/22/2025 10:31:22,-2605,-1950,1877,200,,-34.73333333,-26,25.02666667,50.08730866
1763825488,11/22/2025 10:31:28,-2220,-3188,-51,200,,-29.6,-42.50666667,-0.68,51.80192189
1763825500,11/22/2025 10:31:40,-862,-1146,3431,200,,-11.49333333,-15.28,,19.1200186
1763825508,11/22/2025 10:31:48,-3281,1526,-635,200,,-43.74666667,20.34666667,,48.24684123
1763825512,11/22/2025 10:31:52,-2570,-2596,-1333,200,,-34.26666667,-34.61333333,,48.70613194
1763825519,11/22/2025 10:31:59,1250,-3270,1672,200,,16.66666667,-43.6,,46.67695125
1763825524,11/22/2025 10:32:04,1889,-2742,1976,200,,25.18666667,-36.56,,44.39596578
1763825529,11/22/2025 10:32:09,59,-3802,-1295,200,,0.7866666667,-50.69333333,-17.26666667,53.55903908
1763825538,11/22/2025 10:32:18,-3623,-208,-770,200,,-48.30666667,-2.773333333,-10.26666667,49.46341948
1763825542,11/22/2025 10:32:22,3348,571,-1828,200,,44.64,7.613333333,-24.37333333,51.42715063
1763825546,11/22/2025 10:32:26,-887,-3113,-2311,200,,-11.82666667,-41.50666667,-30.81333333,53.0295666
1763825551,11/22/2025 10:32:31,-1757,287,3207,200,,-23.42666667,3.826666667,42.76,48.90674482
1763825559,11/22/2025 10:32:39,-3427,1054,643,200,,-45.69333333,14.05333333,8.573333333,48.56829144
1763825564,11/22/2025 10:32:44,-3126,-569,1861,200,,-41.68,-7.586666667,24.81333333,49.09665388
1763825569,11/22/2025 10:32:49,1194,1900,-3132,200,,15.92,25.33333333,-41.76,51.37238342
1763825576,11/22/2025 10:32:56,1544,3199,1180,200,,20.58666667,42.65333333,15.73333333,49.90646718
1763825582,11/22/2025 10:33:02,-1330,2449,2412,200,,-17.73333333,32.65333333,32.16,49.14241436
1763825586,11/22/2025 10:33:06,2684,2200,1456,200,,35.78666667,29.33333333,19.41333333,50.17975156
1763825593,11/22/2025 10:33:13,-938,-679,3538,200,,-12.50666667,-9.053333333,47.17333333,49.6357022
1763825598,11/22/2025 10:33:18,-2252,-3122,347,200,,-30.02666667,-41.62666667,4.626666667,51.53431996
1763825602,11/22/2025 10:33:22,-1516,-3475,-1046,200,,-20.21333333,-46.33333333,-13.94666667,52.43916602
1763825608,11/22/2025 10:33:28,-2542,-2822,495,200,,-33.89333333,-37.62666667,6.6,51.06940463
1763825614,11/22/2025 10:33:34,2581,-2506,1358,200,,34.41333333,-33.41333333,18.10666667,51.26967655
1763825619,11/22/2025 10:33:39,478,-1306,-3660,200,,6.373333333,-17.41333333,-48.8,52.20424844
1763825623,11/22/2025 10:33:43,-650,-3492,-1847,200,,-8.666666667,-46.56,-24.62666667,53.37993464
1763825628,11/22/2025 10:33:48,1234,-3445,1325,200,,16.45333333,-45.93333333,17.66666667,51.89117844
1763825633,11/22/2025 10:33:53,2705,-2212,-1913,200,,36.06666667,-29.49333333,-25.50666667,53.11545161
1763825637,11/22/2025 10:33:57,-2932,-931,-2227,200,,-39.09333333,-12.41333333,-29.69333333,50.63668236
1763825641,11/22/2025 10:34:01,274,-2378,2969,200,,3.653333333,-31.70666667,39.58666667,50.85040544
1763825645,11/22/2025 10:34:05,-498,2509,-2825,200,,-6.64,33.45333333,-37.66666667,50.81331409
1763825649,11/22/2025 10:34:09,-3123,-2130,205,200,,-41.64,-28.4,2.733333333,50.47693247
1763825655,11/22/2025 10:34:15,1922,1800,-2819,200,,25.62666667,24,-37.58666667,51.43426441
1763825659,11/22/2025 10:34:19,-3422,24,1309,200,,-45.62666667,0.32,17.45333333,48.85195959
1763825663,11/22/2025 10:34:23,-1178,-3197,-2021,200,,-15.70666667,-42.62666667,,45.42831814
1763825667,11/22/2025 10:34:27,-3081,-1265,1415,200,,-41.08,-16.86666667,,44.4077791
1763825671,11/22/2025 10:34:31,-928,2924,2053,200,,-12.37333333,38.98666667,,40.90305069
1763825677,11/22/2025 10:34:37,-1565,-2894,2027,200,,-20.86666667,-38.58666667,,43.86739817
1763825681,11/22/2025 10:34:41,2158,-2769,1528,200,,28.77333333,-36.92,,46.808024
1763825685,11/22/2025 10:34:45,3238,-575,1883,200,,43.17333333,-7.666666667,25.10666667,50.52780621
1763825690,11/22/2025 10:34:50,2455,-2654,1503,200,,32.73333333,-35.38666667,20.04,52.20429952
1763825694,11/22/2025 10:34:54,-184,936,-3714,200,,-2.453333333,12.48,-49.52,51.12728865
1763825699,11/22/2025 10:34:59,3787,163,-220,200,,50.49333333,2.173333333,-2.933333333,50.62513737
1763825704,11/22/2025 10:35:04,704,-3401,-2049,200,,9.386666667,-45.34666667,-27.32,53.76627278
1763825708,11/22/2025 10:35:08,-2471,-369,2692,200,,-32.94666667,-4.92,35.89333333,48.96958875
1763825712,11/22/2025 10:35:12,-2805,2264,615,200,,-37.4,30.18666667,8.2,48.75689535
1763825718,11/22/2025 10:35:18,-1108,-2030,-3163,200,,-14.77333333,-27.06666667,-42.17333333,52.24409887
1763825722,11/22/2025 10:35:22,363,3514,-1360,200,,4.84,46.85333333,-18.13333333,50.47254919
1763825726,11/22/2025 10:35:26,606,2466,-2835,200,,8.08,32.88,-37.8,50.74663339
1763825730,11/22/2025 10:35:30,2880,2377,-460,200,,38.4,31.69333333,-6.133333333,50.16617541